# COMSOL 6.4 angular-spectrum results, interpolated to a uniform 1 degree grid
# Angle is measured from the upward surface normal; positive is toward +x
# 2D_RCS_m is scattering width per unit out-of-plane length, not 3D RCS in m^2
angle_deg,Sang_real,Sang_imag,Sang_magnitude,Sang_dB,Sang_phase_deg,normalized_intensity,Escat_1m_real_Vpm,Escat_1m_imag_Vpm,Escat_1m_magnitude_Vpm,Escat_1m_phase_deg,RCS_2D_m,RCS_2D_dB_ref_1m
-80,-0.002303619809370881,0.0016766194916426488,0.0028491607792264003,-50.90566085332452,143.952140688973,8.11771714588199e-06,0.001982352521031138,-0.00011362859356811057,0.001985606450159441,-3.280608562228908,2.4772293579586266e-05,-46.06033781753101
-79,-0.002331939114139214,0.0008501357967504287,0.0024820698831759086,-52.10371990033629,159.9700790360598,6.160670904968869e-06,0.001444483946805361,0.0007916100868156047,0.0016471734584210013,28.723744386867974,1.7047415238369467e-05,-47.683414602380694
-78,-0.0021799046231379144,6.634693795772452e-05,0.0021809140474017812,-53.22722900364552,178.25670061254428,4.756386082154419e-06,0.0005748682458069901,0.0013368227976712404,0.0014551868238857745,66.73104935191206,1.3305076495098827e-05,-48.75982624208886
-77,-0.0018473114584803556,-0.0006099299667748863,0.0019453982083375199,-54.219829768691426,-161.7282388812244,3.7845741890028325e-06,-0.000317202072449865,0.0013212774604146127,0.0013588198122511232,103.49964818665129,1.1601218575411005e-05,-49.35496390705709
-76,-0.0013646304323572745,-0.001107663760733889,0.0017575935889046544,-55.1016308048234,-140.93393288018865,3.0891352237587435e-06,-0.0008141889396649086,0.0007673482484032955,0.0011188060438701043,136.6964442163347,7.864832467550395e-06,-51.043105240506534
-75,-0.0007968787758492805,-0.0013690556332024266,0.0015840862066826872,-56.00442375205361,-120.20216853558945,2.5093291102023454e-06,-0.0006062558715392075,8.74362233890832e-06,0.0006063189199648726,179.1737186379216,2.3098411244136223e-06,-56.36417890741343
-74,-0.00023677680956946397,-0.0013709884953659868,0.0013912845546385493,-57.13168072336954,-99.79861930047304,1.9356727119757864e-06,0.00023175955524678705,-0.00040871069408731156,0.00046984776567471354,-60.44457897658662,1.387056654483276e-06,-58.57905799758032
-73,0.00021292719554451804,-0.0011405669213926607,0.0011602719046747557,-58.70880447645789,-79.4254392100397,1.3462308927775855e-06,0.001099421785706877,-6.308667867938416e-05,0.001101230308297812,-3.284127241615194,7.619670293328443e-06,-51.18063820377722
-72,0.00047253137586697995,-0.0007638041761959433,0.0008981551763214999,-60.932972456006695,-58.25678025022437,8.066827207531047e-07,0.0011370277223936133,0.00087841956159219,0.0014368204368255008,37.688157841589984,1.2971340553886643e-05,-48.870151384054765
-71,0.0005134075173205939,-0.00036108651738215745,0.0006276708945589807,-64.04536018707796,-35.119243700233305,3.9397075187647105e-07,-6.808700311485431e-05,0.0015565549104079673,0.0015580433335142887,92.50464192428515,1.5252426232886089e-05,-48.16661066760291
-70,0.00037376858478547006,-5.220940996158066e-05,0.0003773973734157003,-68.46402253466908,-7.951840019111498,1.4242877746106952e-07,-0.0018275004883661723,0.0009732693483562164,0.00207050990324324,151.96163738205684,2.6936086156953544e-05,-45.69665507496502
-69,0.00014974185310226036,8.746230874138493e-05,0.00017341360390947495,-75.21833672184756,30.2886563525536,3.0072278020872264e-08,-0.00250077913286393,-0.0009435133421386275,0.002672847488758248,-159.32912303922913,4.488779022110733e-05,-43.47871773934531
-68,-4.1397757066025094e-05,5.823308572050437e-05,7.144834891464771e-05,-82.92015605559675,125.40892720154136,5.104866562629241e-09,-0.0008546460864655021,-0.002712605726795859,0.002844055161588201,-107.48779538414605,5.08224853405033e-05,-42.93944100732443
-67,-0.00011258237502743248,-6.436344986103547e-05,0.00012968209145765454,-77.74239987972476,-150.2433557963185,1.6817444844831476e-08,0.0022175667649094186,-0.002220457534331969,0.003138157742785157,-45.03732040495179,6.187702265028753e-05,-42.08470591508856
-66,-5.321209002242778e-05,-0.00016904211802777194,0.00017721953671046017,-75.02976806231416,-107.47327148606442,3.1406764191870144e-08,0.003688893580032872,0.0008277324262377182,0.003780618575610758,12.646840680522063,8.980605023370439e-05,-40.466944039273514
-65,7.141902473089001e-05,-0.00017516267871639594,0.00018916300142632234,-74.46327607408504,-67.8178191269976,3.578264110861483e-08,0.0013507646244889854,0.0036681619860767624,0.003908961169782771,69.78426588531515,9.600692966254213e-05,-40.17697418985542
-64,0.00016318136059882574,-7.811874576778798e-05,0.0001809162648498368,-74.85044774329025,-25.581531917621312,3.273069488721629e-08,-0.0029570725955222056,0.002783423682363722,0.0040610005824589165,136.7326579975043,0.00010362056880136869,-39.84554028082311
-63,0.00015679800706134086,5.2446555606832385e-05,0.0001653367963081082,-75.632609636958,18.494306891913457,2.7336256213428857e-08,-0.004254857375333269,-0.0015699555062228666,0.004535258711027124,-159.74696873109195,0.0001292361467156644,-38.88615999316354
-62,6.354065732029266e-05,0.00012635776194709974,0.00014143443405682644,-76.98889686024702,63.30386381740366,2.0003699136974788e-08,-0.00031318492827820955,-0.004327010225577022,0.004338329435571801,-94.13979558751888,0.00011825647338318309,-39.27175076571993
-61,-4.097515038056129e-05,0.00010226662637592694,0.00011016998601716825,-79.15873411377443,111.83448601028078,1.2137425819023046e-08,0.004154321338134846,-0.0014969618917694662,0.00441579898612839,-19.81604362289127,0.00012251759390617055,-39.1180154078755
-60,-8.208967498886764e-05,1.9490864949485704e-05,8.437184694112729e-05,-81.47604887738876,166.6433710897948,7.118608556257011e-09,0.0028752956623243776,0.0033063368801070185,0.004381687883742656,48.988741149353956,0.00012063206041581548,-39.185372542915175
-59,-4.775671565998546e-05,-4.4425156696449174e-05,6.522498323597151e-05,-83.71172047698903,-137.06983453568725,4.2542984381327644e-09,-0.0024349205224530554,0.0030763722531373734,0.0039233791800610575,128.36129273813256,9.671646944480249e-05,-40.14499565420919
-58,1.0010591551287508e-05,-4.4551191630831084e-05,4.5662026005574285e-05,-86.80889645896521,-77.33605297758254,2.0850206189337424e-09,-0.003587154904717024,-0.0017705745505992134,0.004000326805357908,-153.72963291565316,0.00010054739261491345,-39.97629187002967
-57,3.231910886626945e-05,-3.961907926745252e-06,3.25610428630562e-05,-89.74603388006844,-6.988857751067852,1.060221512329783e-09,0.0010899493547379057,-0.003126402125886622,0.003310948481725737,-70.7800468470931,6.887866399670876e-05,-41.619152852548126
-56,1.1241391078498998e-05,2.141394709243062e-05,2.418524350626172e-05,-92.3289907122185,62.3024803077088,5.849260034571747e-10,0.003136398705569037,0.001081248888235419,0.0033175436694345807,19.02123189545528,6.915334066784588e-05,-41.60186835098167
-55,-1.2380046614167094e-05,8.835059697241571e-06,1.5209333779714759e-05,-96.35779618196496,144.48632697637427,2.3132383402277242e-10,-0.0008803019839942856,0.0024132581605982775,0.0025688025484101452,110.04082558023543,4.1461147260178845e-05,-43.82358684830883
-54,-7.439344154989418e-06,-1.1376442289130026e-05,1.3592912881876394e-05,-97.33374933044296,-123.18169074569315,1.847672806142812e-10,-0.002242522747689296,-0.0015096894701839374,0.0027033443306926715,-146.0511529769541,4.591796163106641e-05,-43.38017399182132
-53,9.99694515552585e-06,-6.137284714980837e-06,1.1730523266902e-05,-98.6136522950134,-31.546430241923375,1.3760517611532915e-10,0.0017880403776323953,-0.0014990691075659759,0.0023333016481592024,-39.97601793598116,3.4207524287567604e-05,-44.65878356015309
-52,7.333625777605452e-06,1.3196254689026193e-05,1.5097125715301074e-05,-96.42211457043443,60.93752277381656,2.2792320486360496e-10,0.0012683073061860524,0.002879346436060435,0.0031463056624839946,66.2272552689624,6.219875505885527e-05,-42.06218307857096
-51,-1.2513810221451563e-05,1.1377708105832057e-05,1.6912944391797132e-05,-95.43561558098943,137.72250836250544,2.8604768800002204e-10,-0.0034907648410548303,0.00033262926151299234,0.0035065768779764736,174.5568138352396,7.725855799564787e-05,-41.12053402072345
-50,-1.5164526849961541e-05,-1.2613418142005229e-05,1.972463413623358e-05,-94.09982087171278,-140.24728809888492,3.890611918082711e-10,0.0001612267881430679,-0.0047341755543449295,0.004736920123516128,-88.04949233521647,0.00014098470220693185,-38.50828008674744
-49,8.14951971699837e-06,-2.010329715640089e-05,2.169233109133966e-05,-93.27387551046974,-67.9332401689577,4.705572281763013e-10,0.005278484891270968,0.0016637227664088698,0.005534471627070018,17.494301805024875,0.00019245632963568848,-37.15667800959896
-48,2.1678052228760662e-05,4.114529576046867e-06,2.2065069727173752e-05,-93.12589391626965,10.7469967496732,4.868673020650395e-10,-0.0026747238444913136,0.006081630464290668,0.006643822450101953,113.74007300716771,0.0002773421666394129,-35.56984095995064
-47,2.0476636204074064e-06,2.3263976662457103e-05,2.335391908125248e-05,-92.63280457815213,84.96986655151305,5.454055364536887e-10,-0.006156088728850718,-0.0049363184533683675,0.007890796430687332,-141.27528505224757,0.0003912204490852452,-34.07578452727036
-46,-2.088310359184533e-05,6.315226498272652e-06,2.1817105705208205e-05,-93.22405728359671,163.1742410497261,4.759861013522285e-10,0.006499561339438834,-0.005766403238608929,0.008688826383083477,-41.57940097964584,0.0004743534975962174,-33.23897892846265
-45,-1.0530580413223479e-05,-1.9325806592162404e-05,2.2008632948846093e-05,-93.14813865026059,-118.58584844403283,4.843799242770338e-10,0.004637962721843406,0.009211368527906553,0.010313098873089331,63.27455346693088,0.0006682796418374807,-31.750417688214114
-44,1.4935836659349466e-05,-1.206133579526505e-05,1.919778731731627e-05,-94.33497647932083,-38.92237863331647,3.6855503788090947e-10,-0.01054190280359907,0.0020311975404260505,0.010735803564184786,169.09398884212686,0.0007241840933725421,-31.401510186468705
-43,1.3087478381721894e-05,1.2669887254093635e-05,1.821560137419246e-05,-94.79112972568305,44.07117391003486,3.318081334234822e-10,0.0008960460209264764,-0.011831816638447214,0.011865697764457617,-85.66914841741311,0.0008846397146217457,-30.532335675055165
-42,-8.96466174524864e-06,1.2045551212119303e-05,1.5015340962179752e-05,-96.46929603145524,126.6577327077141,2.2546046421051317e-10,0.011237580661796528,0.005473494795225457,0.012499694572418299,25.96935019042346,0.0009816997283806,-30.080213291672
-41,-1.1438302322407414e-05,-7.96095179573798e-06,1.3935979101335313e-05,-97.11725027224713,-145.16244298367013,1.942115135128546e-10,-0.009034435539356222,0.009118160018001874,0.012835959941845826,134.73573887889697,0.0010352293458679317,-29.849634254622096
-40,5.72864522703441e-06,-9.343136847608612e-06,1.0959542978170482e-05,-99.20415111812248,-58.48589808883298,1.2011158229036592e-10,-0.0053344572531464265,-0.013056757256041931,0.014104444130445204,-112.22291767887516,0.0012499476319374246,-29.031081819015625
-39,8.48968814151829e-06,5.812769543431175e-06,1.0288979274217505e-05,-99.75255415210387,34.39889152206581,1.0586309450527737e-10,0.01433506311135569,0.0009424168501400276,0.014366007932824571,3.7613310383682093,0.001296737505707343,-28.87147927817506
-38,-4.4948733623310125e-06,6.014646868356367e-06,7.508652575157673e-06,-102.48875979966563,126.77154306618115,5.637986349442195e-11,-0.006750789406625581,0.01304823559408157,0.014691140518396296,117.3557717304894,0.001356097432717791,-28.677091062126472
-37,-5.325278446905015e-06,-4.797795607325205e-06,7.167805328462829e-06,-102.89227596513975,-137.98281253304793,5.1377433226740125e-11,-0.008534510518744952,-0.012866872226720701,0.015440021719328142,-123.55605128035391,0.0014978753789360911,-28.245243178059567
-36,4.032127704960286e-06,-2.8141302084995917e-06,4.917050199001252e-06,-106.16590715802042,-34.91222276350764,2.4177382659498254e-11,0.015095540092560682,-0.0007186286065580935,0.015112635698655301,-2.7255284720990036,0.0014350277366402516,-28.43139704676753
-35,2.5594140934252192e-06,4.079942064930658e-06,4.8162773751949e-06,-106.3457701897899,57.899281861908165,2.3196527754814277e-11,-0.006703106803916449,0.013806378486270459,0.015347564227943885,115.8969427008374,0.0014799900220180946,-28.29741212576049
-34,-3.6754218690638256e-06,1.4903448717108967e-07,3.678442223816894e-06,-108.68672121800834,177.67798853666625,1.3530937193958976e-11,-0.008342754037067142,-0.014057273356376054,0.01634651275162015,-120.68841450511347,0.0016789203900792146,-27.74969896458137
-33,-2.467820717101234e-07,-3.0338433847707592e-06,3.0438638396345585e-06,-110.33149557296983,-94.6503747482341,9.265107074234838e-12,0.016250304722129766,0.0014382352191915871,0.016313826163956636,5.057791332038245,0.0016722127439933016,-27.767084711166163
-32,2.8947188566152604e-06,1.7826141605787982e-06,3.3995750476111002e-06,-109.37150734157781,31.625425840798947,1.1557110504340014e-11,-0.009735938124107682,0.012475906951406886,0.01582519337691063,127.96773611092402,0.0015735404791795565,-28.031220804227083
-31,-1.4723501776585784e-06,1.3572372976010861e-06,2.002475499887763e-06,-113.96865577532284,137.32961423655598,4.009908127650747e-12,-0.004544784989965717,-0.0156614164588691,0.016307514712645625,-106.18219529694754,0.001670919111507607,-27.770445736112062
-30,-1.6249317568987806e-06,-2.6118137433420405e-06,3.0760322242279127e-06,-110.24018238436233,-121.88767950234086,9.46197424448852e-12,0.014715484986802405,0.0066718394493875295,0.016157318466726175,24.389018161296462,0.0016402816963371125,-27.850815613064942
-29,2.4163573581914967e-06,4.3066755595229326e-07,2.454436274633365e-06,-112.20096478307168,10.105716873002333,6.024257426236111e-12,-0.013605952669902305,0.006822920074526834,0.01522084709860141,153.367800449553,0.001455651844035,-28.369424851156445
-28,1.948196638249221e-07,2.285889471759583e-06,2.294176405273614e-06,-112.7874638220569,85.1286204552645,5.263245378514161e-12,0.002848756569035213,-0.014990218033334054,0.015258507485219999,-79.239763644512,0.0014628640879980983,-28.347960214989925
-27,-2.5532775925047205e-06,-1.736577927915784e-06,3.0878680937033206e-06,-110.20682519911153,-145.77894037565957,9.53492936411098e-12,0.009570083538371136,0.01274574033731584,0.0159386447252482,53.099105977554395,0.0015961828815521017,-27.969173511439706
-26,1.0700741463756171e-06,-1.060530761545031e-06,1.5065802915625803e-06,-116.44015436240961,-44.7433630166441,2.2697841749247896e-12,-0.014704398703840039,-0.0022585285816769662,0.014876837452756697,-171.26787100334215,0.001390596410618268,-28.567988959418393
-25,1.8822082511303223e-06,1.8994790935499328e-06,2.674084652260721e-06,-111.45649697193846,45.26166613192871,7.150728727456342e-12,0.010395005149320926,-0.008196276161294008,0.01323763857213986,-38.255149094109726,0.001101034448332686,-29.581990929385533
-24,-1.8518984871322264e-06,-2.0392670960506105e-07,1.8630926196872167e-06,-114.59531109081132,-173.71604133127465,3.471114109532976e-12,-0.0007601879748733338,0.012710276721534927,0.012732989440627627,93.42272166234913,0.0010186866769291737,-29.919593738004004
-23,-8.513541858436934e-07,-1.097397187668022e-06,1.3889148776131898e-06,-117.14648740080835,-127.80409635357431,1.9290845372552623e-12,-0.008157693469342212,-0.010022395639611539,0.012922707808220883,-129.14374425457342,0.0010492691829259116,-29.791130821948954
-22,2.1075653862064325e-06,6.376746894493779e-07,2.2019220846114944e-06,-113.14396105353387,16.833957215225823,4.848460866699829e-12,0.011990831424076111,0.0027543651054500722,0.012303112019921307,12.936761143532328,0.0009510641795607553,-30.21790175082974
-21,-2.962352944426475e-07,1.4178152536892588e-07,3.284164286534117e-07,-129.6715025185634,154.42370185558707,1.0785735060946144e-13,-0.009631656745171796,0.004913242837399444,0.010812435749453973,152.97323568187133,0.0007345594460648811,-31.33973052081671
-20,-1.772068825348211e-06,-1.1322298985581458e-07,1.7756822258509202e-06,-115.01269504938642,-176.34416378154995,3.1530473672028783e-12,0.002916776918830348,-0.009028204443368628,0.009487679540619113,-72.09571106069323,0.0005655876048631907,-32.47500116888854
-19,1.3228419683211962e-06,-2.6366615905808957e-08,1.3231047092298556e-06,-117.56811569612492,-1.14185657898064,1.7506060715862209e-12,0.0038340677009116924,0.008637338482964416,0.00945006302648148,66.0638248256468,0.0005611116404528433,-32.50950721615561
-18,7.968348359023812e-07,-4.1414786019206907e-07,8.980335215398389e-07,-120.93414903618483,-27.462756455839536,8.064642058092444e-13,-0.007947121252148583,-0.0050785791245512475,0.009431261958013857,-147.41953505673868,0.0005588811782573464,-32.52680516107151
-17,-1.87449610776668e-06,7.618221913491874e-07,2.0233903996175603e-06,-113.87840629869189,157.88246756045427,4.09410870926451e-12,0.008487613903437947,0.0003910541210163038,0.008496617744690942,2.6379518487965057,0.00045359893759450105,-33.43327971305155
-16,6.934696843161434e-07,-1.137917409368334e-07,7.027437394747584e-07,-123.06406029395302,-9.318644569252545,4.938487633709671e-13,-0.00593091641424831,0.0036311303732786218,0.0069541985376135595,148.5234623861572,0.000303860353697109,-35.17325960972372
-15,1.3620680910924537e-06,-1.1123997089126716e-06,1.7585967693480041e-06,-115.09667458006498,-39.23847998761367,3.0926625971612375e-12,0.0015747752306524267,-0.005829432518775016,0.006038393869070485,-74.88283581425083,0.00022909876256230956,-36.399772565714585
-14,-1.9433888813237386e-06,1.406113757876238e-06,2.3987322160136105e-06,-112.40036464130065,144.11287025778063,5.753916244141567e-12,0.0027404170493344733,0.005590434884771094,0.006225981674013236,63.88602298140949,0.0002435541557937485,-36.13404455610196
-13,4.572882558624637e-07,-1.5785752389763345e-07,4.837680712912191e-07,-126.30725596957048,-19.044855165379413,2.34031546800826e-13,-0.005449917336627562,-0.0038130999828438453,0.006651415673015587,-145.02097973288267,0.00027797647748642435,-35.55991952751215
-12,1.6068113389978362e-06,-1.5806187844227193e-06,2.253929550984674e-06,-112.94119324846689,-44.52918526977834,5.080198420801974e-12,0.006146849040182011,0.0014157476715737612,0.006307780480672503,12.970224576554251,0.00024999597134334417,-36.020669898777726
-11,-2.222664150845614e-06,2.041635493288894e-06,3.018031049361693e-06,-110.40552593072425,137.4308690250571,9.10851141491124e-12,-0.005013464365233516,0.0008403425286074653,0.005083404420942002,170.48470003400723,0.00016236379470747708,-37.895108070636766
-10,6.564375797084067e-07,-4.7187879394598464e-07,8.084428812410608e-07,-121.84701317595851,-35.71039085146294,6.53579892229348e-13,0.002582732649396723,-0.0024603447168669236,0.003567044163460105,-43.60979015056493,7.994601874682669e-05,-40.97203158926326
-9,1.8119500872943167e-06,-1.941619085494211e-06,2.6557574798918025e-06,-111.51623173332189,-46.978525683394906,7.053047792001258e-12,0.0004209184868224308,0.003159937933511333,0.0031878488226690987,82.41259990366213,6.385211743203632e-05,-41.94824696305005
-8,-2.800617305264524e-06,2.8426922387558023e-06,3.990533354682003e-06,-107.97938109621415,134.57282664963455,1.59243564548296e-11,-0.0029769992314379345,-0.0028438558995884282,0.004117042725258746,-136.31032654470425,0.00010650024732074507,-39.72649383681486
-7,1.2611325512837604e-06,-1.1801536607449502e-06,1.7271994600732115e-06,-115.2531501287065,-43.10016209033169,2.9832179748771935e-12,0.004443774398587945,0.001979064056713735,0.004864547815174795,24.00611405654584,0.00014868420035473535,-38.277351785077315
-6,1.6910623188025456e-06,-1.890537885270343e-06,2.5364986224550376e-06,-111.91530738414295,-48.18776862926528,6.433825261716304e-12,-0.004667088978757696,-0.000927614036181339,0.004758380747246083,-168.75859366917686,0.0001422650587904687,-38.469017523250535
-5,-3.5731319938877562e-06,3.7852002505602416e-06,5.205287041324965e-06,-105.67110633353462,133.34918385815308,2.7095013182585608e-11,0.003728285364050664,-3.330383238437425e-05,0.0037284341084489986,-0.5117951282904266,8.734394691730923e-05,-40.58767186977556
-4,2.453035811451514e-06,-2.502930590854937e-06,3.5045750434112596e-06,-109.10729272079678,-45.5768125665717,1.2282046234901032e-11,-0.0018757525610544386,0.000730030580565058,0.002012807074426767,158.73433915048662,2.545564869149672e-05,-45.94215831270609
-3,1.2555129253853384e-06,-1.472632359880762e-06,1.9351895961837003e-06,-114.26552958920459,-49.55029377551681,3.744958773177633e-12,-0.0004821258820836645,-0.0010609488739804671,0.001165357404136333,-114.4384223034219,8.532929313990807e-06,-50.68901852008389
-2,-4.455012787639447e-06,4.8295440839548315e-06,6.570512536849321e-06,-103.64801503424275,132.68998838822088,4.31716349968941e-11,0.0026056344300673007,0.0010147287551437105,0.002796248420592786,21.277746924124123,4.9128258775808136e-05,-43.086686280381684
-1,4.1563932747523335e-06,-4.408791197936151e-06,6.0591290530410154e-06,-104.35179594783565,-46.68789733793442,3.6713044881405715e-11,-0.003997930196470672,-0.0007697302475223763,0.004071354873970444,-169.1020695408049,0.00010414964303202335,-39.82342214237485
0,2.5111661898167302e-08,-1.668538136891656e-07,1.6873289752122035e-07,-135.45600471228755,-81.44116423924409,2.847079070590665e-14,0.00442620769668708,0.000485998899145687,0.0044528091699715545,6.2659926373283845,0.00012457991639464473,-39.04551964916017
1,-5.168060252474448e-06,5.7320843271311615e-06,7.717877785152403e-06,-102.2500420578013,132.03789222798338,5.956563750654896e-11,-0.0038015326503840798,-0.0002865524389118229,0.0038123172470536236,-175.68930296336293,9.131832483387457e-05,-40.39442063915019
2,6.762501759491937e-06,-7.392094153629376e-06,1.001870680393698e-05,-99.9837666555223,-47.546821254696056,1.0037448602325315e-10,0.002180286980191284,0.0002378251771589467,0.0021932195810913037,6.225197693046298,3.022345418517676e-05,-45.19655902411465
3,-2.2253004861053078e-06,2.310699485166032e-06,3.2080047325724264e-06,-109.87529999398832,133.92142322298713,1.0291294364207085e-11,0.00017822801375036142,-0.0003240242157590421,0.0003698065944296576,-61.18721131097741,8.592690533318743e-07,-60.65870829088727
4,-5.491723187030958e-06,6.290479347183809e-06,8.350398432429407e-06,-101.5658560403225,131.12165572461416,6.972915398031949e-11,-0.0025517345922075963,0.0004644025175102145,0.002593649769598566,169.68535621035252,4.226710774201052e-05,-43.73997469101667
5,9.872911202466094e-06,-1.1178122951503867e-05,1.491391324672093e-05,-96.52816775002464,-48.54792621451738,2.2242480833071803e-10,0.004356887765290504,-0.0005554575905273992,0.0043921525627205376,-7.265418376187368,0.00012120895373682519,-39.164652975388115
6,-5.971505859427858e-06,6.680079035835457e-06,8.96004119154536e-06,-100.95379987546346,131.79440293756,8.02823381541896e-11,-0.005182181786781718,0.0004838783670867889,0.005204723464833337,174.6655605412933,0.00017020612630137155,-37.690248122244206
7,-4.9971620154540064e-06,6.0275757896915014e-06,7.829642272107422e-06,-102.12516159868484,129.66043116599562,6.130329810917148e-11,0.004730555520906788,-0.00017414608031223648,0.004733759858048337,-2.108279190464665,0.00014079664733209862,-38.51407686546924
8,1.4631529964409897e-05,-1.7348415264537116e-05,2.2694695003243578e-05,-92.88151298836172,-49.855954773092016,5.15049181290249e-10,-0.002887271934153188,-0.00037783599676171774,0.0029118892942894673,-172.544489626328,5.327575190235731e-05,-42.73470412195828
9,-1.226904206465682e-05,1.453819743142345e-05,1.902336925308884e-05,-94.41425124277956,130.1616117157493,3.6188857773936585e-10,-0.0001263181382530177,0.0010253854323009769,0.0010331367561106175,97.02293372595695,6.706493283155359e-06,-51.73504506040877
10,-3.429015575164421e-06,4.546732777048517e-06,5.6948157793389155e-06,-104.89040640557153,127.02255193989487,3.24309267606075e-11,0.0033397076059653377,-0.0015288791395433126,0.0036730257713053728,-24.59775360801707,8.476719638474387e-05,-40.71772180588951
11,2.0732484650981908e-05,-2.6098628650413494e-05,3.333128166205711e-05,-89.54295972855519,-51.536728969084244,1.1109743372353846e-09,-0.005855087602512637,0.001716357702788609,0.006101469871843913,163.66205267639177,0.00023391001167663222,-36.3095118937997
12,-2.2340454967672175e-05,2.8300499852045836e-05,3.605570995055062e-05,-88.86051897192885,128.28761267217186,1.3000142200382349e-09,0.006890741379570005,-0.0014564682188957642,0.007042983489457557,-11.934716995980247,0.0003116687139533633,-35.063067910480164
13,-1.826419380068771e-07,8.715427681599852e-07,8.904745219549393e-07,-121.00757003906635,101.83572205301203,7.929448742508777e-13,-0.005845136557937092,0.0007233359793101596,0.00588972294084342,172.94550915999568,0.00021795638668833603,-36.616304005033136
14,3.3028762293750397e-05,-4.481784965306818e-05,5.567350165188185e-05,-85.08702924719906,-53.61143634632687,3.0995387861820912e-09,0.0025409439647692614,0.0003555249706839298,0.002565695663339115,7.965028346712624,4.1360916029332916e-05,-43.8340985139189
15,-4.1671472129267717e-05,5.710040587627043e-05,7.068923497007981e-05,-83.0129343687745,126.12170339838369,4.996967940655154e-09,0.002308673899342331,-0.001414089849183089,0.0027073280693457108,-31.487958183087688,4.6053393835434196e-05,-43.36738359610652
16,4.569961204302632e-06,-5.269640102149983e-06,6.975217001285225e-06,-103.1288455360127,-49.06736844451373,4.865365221501844e-11,-0.0067969923393551325,0.0020479967265543625,0.0070988305694128055,163.2319594644464,0.0003166310418906236,-34.99446510001323
17,5.7036396847127955e-05,-8.45875749109174e-05,0.0001020206272996453,-79.82624020854186,-56.00868002843194,1.0408208394613132e-08,0.00919116525772755,-0.0021160722880218335,0.009431610717316099,-12.965222460236534,0.0005589225128347381,-32.52648397088357
18,-8.058734910039112e-05,0.00012146838716824348,0.00014576998976566683,-76.72663753417231,123.5620055618861,2.124888991628261e-08,-0.00814085032405074,0.0017132365360499869,0.008319172039755735,168.11556551643744,0.00043485060584698806,-33.616599205167205
19,8.750868471838304e-06,-1.125932516758855e-05,1.4260087736087271e-05,-96.91755604903602,-52.145264894502134,2.033501022409066e-10,0.0032681224641875352,-0.0011229061997749242,0.0034556537405272783,-18.962397057201432,7.503092610529337e-05,-41.24759693028225
20,0.00013112031508546377,-0.00021602372037068967,0.0002527029576219978,-71.94779350181568,-58.743428272241054,6.385878479090522e-08,0.0041559121539010415,0.0005741479303087311,0.004195384568406118,7.865741749822101,0.00011059192592376667,-39.56276578770502
21,-0.00018157131887904838,0.00030743336481976887,0.00035704820072909226,-68.94546302242676,120.5662609953968,1.2748341764388216e-07,-0.010443793586341895,8.550305833248705e-05,0.010444143586101271,179.53093146773867,0.0006853707030897428,-31.64074463895643
22,-1.3454014468811562e-05,2.7975516859238327e-05,3.1042552228650895e-05,-90.16085159025322,115.6838799658695,9.636400488685187e-10,0.011866991744494331,-0.0014875584187747214,0.011959863005618592,-7.144907879473401,0.0008987362901482392,-30.46367721541891
23,0.0003966978882231533,-0.0007441669879918566,0.0008432993066151433,-61.48036513524238,-61.9389736706766,7.111537205375814e-07,-0.0068790866290205435,0.004430103326972207,0.008182154260170082,147.21863232826524,0.0004206444803826429,-33.760848054410786
24,-0.0005203924240072537,0.0010247031967997092,0.0011492714720620575,-58.7915474698745,116.92360014524397,1.3208249164956886e-06,-0.002866177877931834,-0.008499011842330036,0.008969290826147407,-108.63598934459161,0.0005054708095215216,-32.96303919459272
25,-0.00035214640202643787,0.0007403129545333474,0.0008197989748164239,-61.72585258235298,115.43914102933775,6.720703591100597e-07,0.012225230948233672,0.010410263019572399,0.01605708092631805,40.41569536177239,0.001619992711916319,-27.904869392732003
26,0.0024831970441864257,-0.005524927314523465,0.0060573170125909435,-44.35439393463825,-65.79830675666373,3.6691089391023675e-05,-0.014519003723984096,-0.003528660454421897,0.014941650301745955,-166.33983022743882,0.0014027394273940946,-28.530229959388578
27,-0.0033240957242516027,0.007926494200211309,0.00859528491034307,-41.31479446112305,112.75148059024188,7.387892268997128e-05,0.0056877362312182395,-0.017916214829731658,0.018797369423964868,-72.38727984998847,0.002220107590733087,-26.536259782838446
28,-0.030221424889747595,0.07746894813471587,0.08315511077177369,-21.602221071578427,111.31126257729842,0.006914772447465953,0.009793351932967065,0.05390959336865604,0.054791915455263955,79.70378780175777,0.018863089898020716,-17.24387165482788
29,-0.06540173051630675,0.18143732478990096,0.19286495062982184,-14.294933791456558,109.8224377795112,0.037196889181443614,-0.023330922358869292,-0.099049633967306,0.10176031607248912,-103.25429102100375,0.06506340127427813,-11.86663237149467
30,-0.07819697353156065,0.23662800371386927,0.24921392178429064,-12.068554008699174,108.28684728568145,0.06210757881110653,-0.02077551899969937,-0.3222320451462153,0.32290108873898116,-93.68896979596259,0.6551170267367517,-1.836811129452228
31,-0.05687466564106772,0.18961618797107826,0.19796218409703034,-14.068355266135022,106.69641913737449,0.039189026332466535,-0.01489175756878365,-0.12272816130706946,0.12362833826150656,-96.91841216531428,0.09603199074047354,-10.175840681304646
32,-0.02352653132530491,0.08751329136529679,0.09062049349781694,-20.85547154170317,105.04727901193797,0.008212073841787881,-0.001401846796504555,0.0820531576557235,0.08206513179003545,90.97878124284478,0.04231527921710424,-13.735027890900858
33,-0.003065186914307356,0.012864776840709382,0.013224895235157574,-37.57215519337641,103.4015372749977,0.00017489785398089352,0.010940819656949239,-0.020994244386520745,0.02367403286571269,-62.47443710374674,0.003521472982483727,-24.5327563926178
34,0.0013657451217954945,-0.006658234472980495,0.006796862955429809,-43.35382973264387,-78.40820911367919,4.6197346034894035e-05,-0.007685532395809432,-0.026862834375770243,0.027940638484241907,-105.96597452214674,0.004905152574848645,-23.093474793371854
35,0.00012068712925437504,-0.0006658492121225558,0.0006766982757861073,-63.39209860177833,-79.72650610335097,4.579205564518905e-07,-0.003147403132765574,0.03890513375743389,0.039032237690964686,94.62512339318795,0.009572530702262218,-20.18973232052442
36,-0.0002868834128567103,0.0020690549375852532,0.0020888490676250955,-53.60185878742753,97.8939770257438,4.363290427318231e-06,0.010154529872277572,-0.016434815766259235,0.019318841740587366,-58.289450507035184,0.0023449956309705474,-26.29857962094804
37,2.862172487062928e-05,-0.0003134336977468396,0.00031473780519319125,-70.04102176069463,-84.78241019428144,9.905988601782721e-08,-0.006195862676468293,-0.015622436436519824,0.01680622606413335,-111.63329084071194,0.0017746808803523633,-27.508797295733665
38,5.6073403347171706e-05,-0.0008372896929760248,0.0008391652140829126,-61.52305054502583,-86.1686150248069,7.041982565268206e-07,-0.004269832271398183,0.027247330230666684,0.02757985627817658,98.9061865058034,0.0047792953052402595,-23.206361342680587
39,-6.467995343341347e-06,0.0003481452373757502,0.00034820531482327913,-69.16329208649857,91.06434374750678,1.2124694127117895e-07,0.00899966492913159,-0.009586456505061625,0.013148920760278368,-46.80831256142174,0.0010863257766379971,-29.64039915281674
40,5.880000598890479e-06,0.00037336509169057426,0.0003734113898907663,-68.55624878444648,89.09774272723598,1.394360661001539e-07,-0.002899937656406561,-0.014417012363009471,0.014705777228226078,-101.37310483304252,0.0013588009249662148,-28.66844166167931
41,-1.752617097822587e-05,-0.000271152503251968,0.0002717183223284115,-71.31762151078584,-93.69821668089125,7.383084668896655e-08,-0.005862287907776393,0.018552803820621994,0.019456951177410794,107.53541835281412,0.0023786439916073546,-26.23670553360035
42,-2.4706172774016906e-05,-0.00018873217899938386,0.00019034240295581813,-74.40928904578227,-97.45795292831463,3.6230230362995044e-08,0.006136886719978442,-0.0010553034177885438,0.006226961049937918,-9.757194970036632,0.00024363078622732692,-36.132678332647465
43,2.9844203242763566e-05,0.0002047151411835902,0.00020687910841119905,-73.68566728285161,81.70561973699917,4.279896549701265e-08,0.0015803152475751753,-0.014769430071203366,0.014853735587719503,-83.89264158628565,0.00138628091986117,-28.581487541518314
44,3.4441116769528763e-05,0.00011462395903796523,0.0001196864341095909,-78.43910144053113,73.27602786209668,1.4324842509869445e-08,-0.005745600220602733,0.00974431597471309,0.01131210041106597,120.52513514205366,0.0008040191100828912,-30.947336287329957
45,-3.0347194916002873e-05,-0.00015193635323699524,0.0001549374314819594,-76.19687295892558,-101.29540028384922,2.4005607674226868e-08,0.000977976574699444,0.006477584954047987,0.006550995727182984,81.4144075851068,0.00026964632190399815,-35.69205499305698
46,-4.103659968441052e-05,-8.863765809346259e-05,9.767618412874315e-05,-80.20422630235294,-114.84273343738634,9.540636945952136e-09,0.0037793910284801314,-0.010833183188158972,0.011473519709939331,-70.76756589078151,0.0008271289095831414,-30.82426799567484
47,2.1455797183009428e-05,0.00011003177452601084,0.00011210415977162186,-79.00756544081358,78.96599107787355,1.2567342638101321e-08,-0.0014508783309434025,0.0001617883935421281,0.0014598710270041172,173.63719622039793,1.339087165049908e-05,-48.73191152586118
48,4.396380410318231e-05,8.576469971076996e-05,9.637634454419577e-05,-80.32059100132521,62.85988954027637,9.288399787701533e-09,-0.0021090533267789646,0.008428129159876596,0.008688007082798654,104.04917387578813,0.00047426404486335637,-33.239797990448096
49,-8.561496777592907e-06,-7.053328446408812e-05,7.105099186052724e-05,-82.96859710024827,-96.92083985440294,5.048243444364709e-09,0.0007507425873083387,-0.0038779200864660687,0.003949921344712502,-79.04341082555395,9.802949456874214e-05,-40.08643236539569
50,-4.2079682743536824e-05,-8.597599481366023e-05,9.572132147016798e-05,-80.3798262882509,-116.07875542066323,9.162571383995241e-09,0.0010185218251104737,-0.0053355440637184335,0.005431888913086071,-79.19261908619414,0.00018538800360772388,-37.31918372324921
51,-3.3003091228690908e-06,2.994036032723711e-05,3.012170673835211e-05,-90.42240848073584,96.29028688931957,9.07317216831287e-10,0.00032462280415390373,0.005372678318766428,0.00538247640792968,86.54233304238521,0.0001820304900312888,-37.39855861777045
52,3.874864248936895e-05,7.598121786795832e-05,8.529128187257521e-05,-81.38190716753658,62.97948279557349,7.2746027634670775e-09,-0.00024129035275699155,0.002933471832720971,0.002943378675553135,94.70223235105266,5.443423785272365e-05,-42.641278533660405
53,1.5616940732425207e-05,2.0702424760285107e-06,1.5753562827171326e-05,-96.05242421374577,7.551323439034728,2.4817474174963424e-10,-0.0012017410898351342,-0.005917053305017062,0.006037855700611888,-101.48050005877644,0.00022905792778526594,-36.40054672524386
54,-3.66799979559285e-05,-5.9875685833918233e-05,7.021766162532753e-05,-83.071072748375,-121.49174199812309,4.930520004128995e-09,-0.0005492664181918577,-0.001958587678138713,0.0020341482962434442,-105.66562357728345,2.5998308382548844e-05,-45.85054909107062
55,-3.712715982714265e-05,-2.2031667055236466e-05,4.31719857090566e-05,-87.2959595074617,-149.31463788410386,1.8638203500629873e-09,0.001572898802261803,0.006174638002674873,0.006371825884802044,75.7086845877591,0.00025509836086455074,-35.93292331942024
56,2.288946831490523e-05,4.671695294990058e-05,5.202308576643907e-05,-85.67607782112242,63.89696440437482,2.706401452662275e-09,0.0014433890765752114,0.0024617574372379583,0.0028537031566322805,59.61585282132515,5.116788425145521e-05,-42.91002540364502
57,6.620192550782173e-05,4.025211343676037e-05,7.74785620482789e-05,-82.21636896202519,31.300449776526776,6.002927577069003e-09,-0.0011627346511911237,-0.005738316873414197,0.005854932314620779,-101.45455454719023,0.0002153890525976148,-36.6677637400586
58,2.955572267029202e-05,-3.594912001540874e-05,4.6539015593859255e-05,-86.64365614538474,-50.574520689707086,2.1658799724454747e-09,-0.00208393097747287,-0.004105880177390532,0.004604456574880421,-116.90997715091294,0.00013320993956008118,-38.754633687464604
59,-6.0882790752293103e-05,-8.184661583432802e-05,0.0001020077582016171,-79.82733593416934,-126.64424923750941,1.0405582733319581e-08,4.3023055290646517e-05,0.004003997205170384,0.0040042283404295,89.38437903358911,0.00010074361682276446,-39.96782461479379
60,-0.00011633777340050577,-2.7529052189782522e-05,0.00011955051749890169,-78.44897079223038,-166.68695560562637,1.4292326234255198e-08,0.001920251117343626,0.005907608989637212,0.006211860295282071,71.99339807027015,0.00024245058041220735,-36.153767718721646
61,-7.326566772891968e-05,8.913432610250147e-05,0.00011538104765303328,-78.75731043983944,129.4191504058823,1.3312786157511536e-08,0.001130258634612447,-0.00039284414031870766,0.001196583093520353,-19.165924481633265,8.996334464283753e-06,-50.459344068054754
62,4.862414395037193e-05,0.00016221725101911026,0.0001693479964543529,-75.42439874200096,73.31405250633118,2.8678743903103523e-08,-0.0007327543171153452,-0.005703445463015723,0.005750323385588485,-97.32101261374667,0.0002077611816288579,-36.82435593348751
63,0.00016361771490517744,0.00012013518164116751,0.00020298575934963572,-73.85068858684029,36.28772064414166,4.1203218498748225e-08,-0.0012042912435542416,-0.003838254276833615,0.0040227494693223145,-107.4197787731997,0.00010167772975539474,-39.927741592057366
64,0.0001929202585710612,-1.347604785347591e-05,0.00019339035661809583,-74.2713037148809,-3.9957882025321934,3.7399830032874285e-08,-0.00035387602330993486,0.001843988682667453,0.0018776374787693448,100.86343675206973,2.2151511182682408e-05,-46.54596640731513
65,0.0001222173413133209,-0.00014691340821187078,0.00019110371014222763,-74.37461762691069,-50.2429119265258,3.6520628030124555e-08,0.00021956249660210793,0.0048747799127085035,0.004879722009219426,87.4211127134398,0.0001496132411891958,-38.25029968497473
66,8.273332390501693e-06,-0.00019482634504256862,0.0001950019301224727,-74.19922179968391,-87.56838634832528,3.802575275148973e-08,-5.142687648364842e-05,0.0030739049389511956,0.003074335098412894,90.95847730182382,5.938575399367988e-05,-42.263177251192715
67,-6.169504762979925e-05,-0.00014019253752933824,0.000153167315315501,-76.29667799596636,-113.75303181329993,2.346022648095811e-08,-0.00028080458175094527,-0.0008503784791548499,0.0008955416075995792,-108.27380683855307,5.0390817612178755e-06,-52.976485949767
68,-2.5334196543055643e-05,-4.508257999023448e-05,5.1713252973082855e-05,-85.72796284973171,-119.33384883095948,2.6742605330580626e-09,0.0003064746612088706,-0.0033168207391032255,0.0033309497944742964,-84.72085265173948,6.971336433391216e-05,-41.56683957911944
69,0.0001140107579400664,-1.1887439988217226e-05,0.00011462881032071247,-78.8141242981931,-5.95249045125573,1.3139764155541877e-08,0.001247832017884574,-0.00306804095321578,0.003312092999217727,-67.8674668011123,6.8926291715194e-05,-41.616150862374326
70,0.00028836270973308726,-0.00012187587658165375,0.00031306034826715956,-70.0874387191588,-22.911245032485585,9.800678165715524e-08,0.001445846113106258,-0.001117215842170183,0.00182719517862228,-37.693523841976805,2.09773077475375e-05,-46.782502504329926
71,0.0003957341682842478,-0.0003937652669404295,0.000558262140393107,-65.06323647311422,-44.85711262303837,3.116566173962931e-07,0.00038961974445729785,0.0009411625499350193,0.0010186218585280593,67.51156508759298,6.519373325854276e-06,-51.85794148777858
72,0.0003417689323583863,-0.0007742560996047884,0.0008463323879544084,-61.44918077931533,-66.18257554179777,7.162785109006113e-07,-0.0013575364886966534,0.002148203042856755,0.0025411968895545775,122.29045004949907,4.0574810345370316e-05,-43.91743501474661
73,7.415241851116045e-05,-0.001158921817469812,0.0011612916774775346,-58.70117372737255,-86.33897914441715,1.3485983601785864e-06,-0.0026667248832150715,0.0023655825204505943,0.0035647443476103336,138.42459893436248,7.984296319645333e-05,-40.97763353534464
74,-0.00040344177227391625,-0.0014270548277888395,0.0014829871021458524,-56.57725252213288,-105.78609479874872,2.1992507451309528e-06,-0.002683179736353908,0.00188245854604263,0.0032776674137485577,144.9473640737633,6.750091116520421e-05,-41.70690364778612
75,-0.0010312597300900957,-0.0014814468607940727,0.001805043332516455,-54.87024735608732,-124.84241654358443,3.2581814322621097e-06,-0.0013546543708980322,0.0010478132445418448,0.0017126006715023942,142.2783637310013,1.8428589166325485e-05,-47.34507911700783
76,-0.0017195178710727808,-0.0012693717862641116,0.002137298865554841,-53.402694895174406,-143.56474545525433,4.568046440702011e-06,0.0007121886523258371,0.00010421850305666394,0.0007197736956023496,8.325317432119878,3.2551560310755173e-06,-54.87428189335112
77,-0.0023716533459678924,-0.0007868714209122427,0.002498780948080314,-52.04543627970946,-161.6450949581508,6.243906226489152e-06,0.0026918612517551595,-0.0007884023759645276,0.0028049412302448276,-16.32444945459496,4.9434187542542085e-05,-43.05972599136852
78,-0.002904899030278615,-6.989155631549114e-05,0.002905739700275618,-50.73486585855225,-178.62173565327393,8.443323205757837e-06,0.003950065319420113,-0.0015103622727082645,0.004228972714798003,-20.92504818337356,0.0001123698069005606,-39.49350365439307
79,-0.0032627244938227278,0.0008226949404008389,0.0033648474092523,-49.46069251184496,165.84789280048,1.1322198087551913e-05,0.004234183366480868,-0.0019729857988451754,0.004671293369445767,-24.98392211586516,0.00013710527187854075,-38.62945845693778
80,-0.0034169140850537688,0.0018279999799963218,0.003875162679360105,-48.234201221783444,151.853858317455,1.501688579150539e-05,0.003639436041066264,-0.0021308376817919146,0.004217340859256745,-30.348361991275148,0.0001117525071960026,-39.517427245792526
